TargetName,Target,Feature1,Feature2,Feature3
Class0,0,0.464889936,1.017328094,0.767588509
Class0,0,-0.495744152,0.795137667,0.979214264
Class0,0,0.883616286,-0.714588829,0.266494655
Class0,0,0.09567633,0.918029837,0.970711664
Class0,0,0.692344252,-0.818827635,0.171041751
Class0,0,-0.944395819,-0.537715013,-0.535014535
Class0,0,0.727630818,-0.668384674,-0.54013504
Class0,0,-0.699351723,0.937526886,-1.091190873
Class0,0,0.962758113,-0.355590367,0.981868013
Class0,0,0.920491598,-0.017955211,-1.02225859
Class0,0,-1.094248955,-0.234528727,-1.102790185
Class0,0,-1.1763847,-0.138509807,-0.770402394
Class0,0,-0.786498861,-0.830026885,0.950336605
Class0,0,-0.920947537,-0.471185931,-0.9457786
Class0,0,0.398990924,0.799862141,-0.624450585
Class0,0,0.05257013,-1.103230699,-0.712739547
Class0,0,-0.625604448,0.812930469,-0.555769882
Class0,0,-0.731622324,0.608475961,-0.975548197
Class0,0,0.957876307,0.341445056,-0.463584593
Class0,0,0.348181901,0.951897321,-0.941759796
Class0,0,-0.606990985,0.666583745,-0.62509682
Class0,0,-0.776095352,0.617451283,0.113178817
Class0,0,0.646084271,-0.776246995,0.775697885
Class0,0,0.583185534,-0.908588701,0.173127216
Class0,0,-0.554171586,-0.733154048,-0.428050095
Class0,0,0.108705747,1.054487613,0.840725269
Class0,0,-0.159359878,-1.063168686,-0.176229571
Class0,0,-0.096582573,-0.97390408,-1.102153741
Class0,0,-0.3762771,0.966853832,0.844105021
Class0,0,-0.502930399,1.000601879,-0.327537773
Class0,0,0.990542374,0.186833087,0.164924988
Class0,0,-0.39035155,0.916954249,-0.447107474
Class0,0,-0.24976292,-1.031987618,-0.206694808
Class0,0,0.406933863,0.832634754,-0.326553222
Class0,0,0.619520129,0.894463672,-0.840029971
Class0,0,0.887794874,0.02713285,-0.506938777
Class0,0,-0.302314135,-1.036824184,-0.614201543
Class0,0,0.971777448,-0.440670014,1.038033092
Class0,0,-0.142643491,-0.948691591,0.896553086
Class0,0,-0.466724284,-0.872603988,0.726183198
Class0,0,0.61309115,-0.835289535,-0.709179175
Class0,0,-0.022723504,-1.053571201,-0.715674741
Class0,0,0.690771976,-0.837631222,0.625034531
Class0,0,0.141192743,1.100269878,-0.978744498
Class0,0,0.996272617,0.108923349,-0.975798922
Class0,0,0.004230726,-1.317823318,-0.939996837
Class0,0,1.131072519,0.164730065,0.37593541
Class0,0,-1.082983774,0.339132298,-0.902811829
Class0,0,-0.240149595,0.901408977,-0.186760915
Class0,0,-0.59093421,0.798177313,0.862641387
Class0,0,-0.390151263,-0.946646743,-0.009978372
Class0,0,1.01051582,-0.430322036,0.967619075
Class0,0,-1.071060241,0.410652793,-0.496676775
Class0,0,-0.203878953,-0.934645435,0.837771117
Class0,0,-0.685437589,-0.490479967,-0.161771952
Class0,0,0.749975761,0.297360211,-0.882600085
Class0,0,-0.920749917,-0.507036174,0.506536822
Class0,0,0.297752208,0.916243693,-0.279287404
Class0,0,-0.940656203,0.534898675,-1.043783731
Class0,0,-1.002579014,0.285340672,-1.196862695
Class0,0,0.972702267,-0.24613994,1.17933377
Class0,0,-0.754288142,-0.458003931,0.793490319
Class0,0,0.586820683,0.98017051,-1.048746892
Class0,0,-1.044545707,-0.389919579,0.325885129
Class0,0,-0.595616506,0.647651916,-0.848724727
Class0,0,0.923874316,-0.443970486,-0.034669305
Class0,0,-0.05364939,0.940439652,-0.398892873
Class0,0,0.580298237,-0.890188007,-0.824867169
Class0,0,0.886603108,0.460650689,0.520062646
Class0,0,-0.073261686,0.820807238,-0.03535087
Class0,0,-0.238093227,0.997568189,-0.606627199
Class0,0,0.207788535,-0.887160537,-0.498169504
Class0,0,-0.555768643,0.902765531,0.400936259
Class0,0,0.581263982,-0.860728564,-0.064767476
Class0,0,0.197043385,-0.960332936,-0.853776082
Class0,0,0.537208866,-0.961388296,-0.950510583
Class0,0,-0.428570329,-0.846763606,-1.07740422
Class0,0,0.340604284,-1.060233287,0.075239997
Class0,0,-0.826618306,0.302862836,-0.231740827
Class0,0,0.816335728,-0.371289959,0.861791727
Class0,0,-0.042381358,-1.005204928,-0.981548992
Class0,0,-0.837567204,0.627925535,0.803768728
Class0,0,-0.628113782,-0.724935013,0.872826951
Class0,0,1.130912655,-0.080315237,1.000386303
Class0,0,0.597797538,0.73268031,-1.089230028
Class0,0,-0.031849374,1.081811511,-0.739611954
Class0,0,0.042080711,0.914213079,0.763075616
Class0,0,0.936103862,-0.547474376,-0.953300542
Class0,0,-1.008726862,-0.544566092,0.894154454
Class0,0,-0.854199402,0.383758786,-0.837926796
Class0,0,0.07577249,-0.85870146,0.022425794
Class0,0,-0.686830465,0.200348795,0.934482394
Class0,0,0.793017348,-0.262419,-0.836506732
Class0,0,0.822212626,0.415916928,-1.066376868
Class0,0,-0.360831078,-0.719964288,1.121053106
Class0,0,-0.660973244,0.889407056,-0.697312915
Class0,0,0.011801595,-1.005234438,-0.815317382
Class0,0,0.751792235,-0.662677546,0.073743916
Class0,0,-0.913820822,-0.148878074,0.437764328
Class0,0,0.982926693,0.045224528,0.193595817
Class0,0,0.700752065,0.685393515,-0.849809511
Class0,0,-0.104768065,-0.93303455,1.020349722
Class0,0,0.353014166,-0.763088925,0.737383445
Class0,0,0.900357763,0.196141064,0.212546045
Class0,0,-0.931548393,-0.232426594,-0.293311891
Class0,0,-1.050133384,-0.088901418,-0.915110617
Class0,0,0.278593821,1.128891455,-0.958377735
Class0,0,0.255269433,1.084126574,0.508819348
Class0,0,0.055889254,-0.998796525,0.646042407
Class0,0,0.636864166,0.53076154,-0.725425485
Class0,0,-0.467889955,0.766732243,-0.809681259
Class0,0,-0.105318517,0.966121763,0.899693048
Class0,0,0.543301459,0.722962188,0.624714235
Class0,0,-0.465447174,-1.049863532,0.957272308
Class0,0,-0.847140584,-0.473766815,-0.705320304
Class0,0,0.3441135,1.003858464,-0.67746727
Class0,0,0.683004126,0.627183264,0.659447934
Class0,0,1.047158119,0.408190386,-0.288964161
Class0,0,-0.394906401,-0.846132127,0.199085666
Class0,0,-1.075772294,-0.016835793,0.53898863
Class0,0,0.243698912,-0.991712334,-0.839167626
Class0,0,0.889015145,0.65748216,0.831566825
Class0,0,0.572238407,0.700888714,-0.701877552
Class0,0,-0.126109518,-1.134360435,-0.375189992
Class0,0,0.824845902,-0.941130577,-0.57325619
Class0,0,1.010827147,-0.070354192,-0.814323469
Class0,0,-0.429990603,-1.045784475,0.527202291
Class0,0,0.957193147,-0.592987275,-0.925784875
Class0,0,0.510546908,0.78788843,-0.521385208
Class0,0,-0.993579279,-0.100033112,-0.966904055
Class0,0,1.184438417,-0.036868156,-0.457414798
Class0,0,-1.026799565,-0.419249037,-0.708879657
Class0,0,0.859209593,-0.343876497,-0.532821712
Class0,0,0.330419593,0.788319394,-0.365269542
Class0,0,0.249140702,-1.010359048,0.84876617
Class0,0,-0.172339477,0.919665452,-0.036221437
Class0,0,0.811379932,-0.268983191,0.744229475
Class0,0,0.485341681,0.690156581,0.342523647
Class0,0,-0.522387122,0.74391694,-0.035103595
Class0,0,0.410347301,1.060979035,-0.62555399
Class0,0,-0.801864892,-0.446424359,0.824263562
Class0,0,0.696873305,-0.621884741,-0.189201464
Class0,0,-1.09957994,-0.029265894,0.710786132
Class0,0,-0.878503382,0.328000892,-0.960158734
Class0,0,-1.081661744,-0.230063696,0.145030267
Class0,0,0.315303187,0.978460444,0.222440318
Class0,0,-0.138108558,0.883604931,0.354591116
Class0,0,1.061921378,-0.127034294,0.641160876
Class0,0,1.141593447,0.106939178,-0.651218654
Class0,0,0.869600625,0.678805407,0.053331483
Class0,0,-0.018539301,1.071552785,0.542145511
Class0,0,-0.180796819,-0.963005095,0.839378361
Class0,0,0.856207314,-0.81137525,-0.955789366
Class0,0,0.699125861,0.577599093,1.071604863
Class0,0,0.220005877,0.994390142,0.847164839
Class0,0,-0.855356101,0.294280242,-0.212526252
Class0,0,-0.912823612,-0.108211906,-0.970494447
Class0,0,-0.891900222,-0.562266956,-0.812944196
Class0,0,1.031705431,-0.076828171,-0.48123429
Class0,0,-0.927755481,-0.232097059,-0.317470925
Class0,0,-0.070648757,-0.804811936,-1.114727855
Class0,0,-1.05044142,-0.173393073,-0.548316445
Class0,0,0.863465824,0.48789632,-0.861669225
Class0,0,-0.399442503,0.852264353,-0.562661031
Class0,0,0.657100838,-0.680663615,0.804470613
Class0,0,-0.591996053,0.439739787,0.587139505
Class0,0,-0.795980029,-0.202387729,0.595790457
Class0,0,0.584592094,0.766266336,-0.342781897
Class0,0,0.734029514,-0.884296977,0.926271752
Class0,0,-0.834582183,-0.436016624,0.807893147
Class0,0,0.622177058,-0.547515601,0.850483516
Class0,0,0.104604795,-0.755101763,-0.989394745
Class0,0,0.611368601,-0.727392555,-0.760229147
Class0,0,0.283660134,-0.956489236,0.535276002
Class0,0,0.586150764,-0.987400611,0.386995704
Class0,0,1.030573062,-0.071385466,0.096466992
Class0,0,-0.540001059,-0.955505322,-0.461170535
Class0,0,0.561026642,-0.835971486,0.465251824
Class0,0,-0.820445079,0.172639407,0.927622951
Class0,0,0.812428768,0.137509506,0.33685557
Class0,0,0.327349367,0.990340753,-0.891511417
Class0,0,0.887526996,-0.332296968,-0.917940346
Class0,0,-0.619518888,-0.873118065,-1.078566577
Class0,0,1.057952316,0.186029062,0.194583197
Class0,0,0.41617735,0.888440483,0.226881816
Class0,0,-0.056601511,0.973157477,-0.328425463
Class0,0,0.646797382,0.721483559,-0.567268
Class0,0,0.219610287,-0.877572747,-0.146205953
Class0,0,0.938106531,-0.239150685,-0.1814
Class0,0,0.940283755,0.371378301,-1.103559521
Class0,0,0.651999642,-0.767803137,0.050775337
Class0,0,-0.824949816,0.239264293,-0.534137436
Class0,0,-0.90514544,0.517686003,0.802891599
Class0,0,0.805704571,0.100865163,-0.742302463
Class0,0,0.822073041,0.785721083,-0.964391262
Class0,0,0.543739883,-0.787006308,0.584894991
Class0,0,0.129199699,-1.016356531,1.077419551
Class0,0,0.196010487,-0.932057949,0.645745775
Class0,0,-0.868950635,-0.046418935,0.127773029
Class0,0,1.003240108,-0.381940541,-0.162551379
Class0,0,-1.079274817,0.206509121,0.420560107
Class0,0,-0.257795488,-0.952057381,-0.285667723
Class0,0,0.876335135,-0.392610562,0.776673415
Class0,0,-0.745790836,-0.678121238,-1.053707062
Class0,0,-0.784720925,0.594078706,0.357496826
Class0,0,1.000224412,0.734706945,-1.007660754
Class0,0,-0.011220913,-0.875581948,-0.938954369
Class0,0,-0.024337278,0.958298958,0.122601311
Class0,0,0.21074049,-0.987105486,-0.108299874
Class0,0,0.906644409,0.182679406,-0.794415126
Class0,0,-0.122412159,0.954606948,0.561531075
Class0,0,-0.501221413,0.976774863,-0.287600983
Class0,0,0.971294021,0.450824172,-0.63534963
Class0,0,0.848704457,-0.028322515,-0.642833457
Class0,0,0.766470432,0.812900609,0.326427243
Class0,0,0.581055777,0.831183383,0.571273246
Class0,0,-0.586608368,-0.735604983,-0.7953883
Class0,0,-0.702616276,0.826741232,-0.609278721
Class0,0,-0.650432993,0.772995764,-0.711727099
Class0,0,-0.846292865,0.340857413,0.356732119
Class0,0,-0.887034705,0.736007165,-0.202057196
Class0,0,-0.317640353,1.126874111,0.871351009
Class0,0,0.770090871,0.408518055,0.548098556
Class0,0,1.176763535,-0.143839502,-0.352271674
Class0,0,-0.85647497,-0.578972946,0.927835097
Class0,0,-0.661896462,0.666302756,-0.8557962
Class0,0,0.951786322,0.087118215,1.109391252
Class0,0,-0.416864996,-0.986737641,0.857627675
Class0,0,-1.063114759,0.139107141,-0.85260676
Class0,0,-0.952208685,-0.524054723,-0.616110045
Class0,0,0.894759873,0.237566339,-0.146003832
Class0,0,0.85107466,0.574645871,0.870580279
Class0,0,-0.726085261,0.584041711,-1.203516728
Class0,0,-0.085606095,0.901336786,0.6846004
Class0,0,0.856109009,0.475205609,0.045739372
Class0,0,-0.306450936,1.011103361,-0.262791
Class0,0,-0.594646071,0.582337357,0.189471788
Class0,0,-0.913520012,0.68201715,0.637376525
Class0,0,-0.916113105,-0.027363986,0.405597794
Class0,0,0.691600905,-0.881958521,1.058378014
Class0,0,0.132564339,0.952968756,0.649645866
Class0,0,0.283159491,-0.801934605,-0.716004865
Class0,0,-0.685744511,-0.797113093,-0.408006359
Class0,0,0.982067957,0.126219231,-0.041386071
Class0,0,0.088145674,1.086423371,-0.892517966
Class0,0,0.375750087,-1.074688214,-0.120686252
Class0,0,0.947024603,-0.412057314,0.198851715
Class0,0,1.036892664,-0.526319693,-1.002794885
Class0,0,-0.874827695,0.498693491,0.637763514
Class0,0,0.766904925,-0.755065395,0.867701362
Class0,0,-0.172443391,-1.021810273,0.447698106
Class0,0,-0.429503332,-0.848100754,-1.119753775
Class0,0,0.805644291,-0.466857007,-1.086127171
Class0,0,0.827280064,-0.893311073,0.934164681
Class0,0,-1.044527712,-0.022051969,-0.836844089
Class0,0,0.727280981,-0.565963306,-0.866799434
Class0,0,-0.996813054,0.51951196,-0.945747242
Class0,0,-1.056970539,0.06719898,1.091637038
Class0,0,-0.889113792,-0.713016726,1.00821354
Class0,0,0.018573548,0.965451344,0.922613345
Class0,0,-0.882154292,-0.683389469,-1.149705146
Class0,0,-0.948486947,-0.002909367,0.921481354
Class0,0,-0.776751227,0.121359881,0.518599478
Class0,0,-1.036881027,0.363172211,0.990646312
Class0,0,-0.379077992,0.94158713,0.114504486
Class0,0,0.862512958,0.404558658,1.017929732
Class0,0,0.912040365,-0.132143705,-0.377754555
Class0,0,0.93120173,0.674800245,0.806794591
Class0,0,-0.310505113,0.982032499,-0.03162413
Class0,0,-0.62107927,-0.73117716,-0.794501173
Class0,0,0.18829969,-0.899079521,0.597572652
Class0,0,-0.792722503,-0.525996056,0.979039907
Class0,0,-0.722402289,-0.594654395,0.749121719
Class0,0,0.340456568,-0.956672058,0.774466993
Class0,0,1.012057225,0.035428535,-0.977434275
Class0,0,0.73824874,-0.660410077,-0.0433791
Class0,0,0.362584058,-1.06684352,-0.866002019
Class0,0,-0.656187481,-0.692006169,0.843088159
Class0,0,-0.02187865,1.054273304,-0.884387844
Class0,0,-0.802526842,-0.54675855,-0.151439265
Class0,0,-0.932531921,0.222759801,0.187131051
Class0,0,0.204346624,0.920622612,-1.027252049
Class0,0,-0.874377149,-0.166864554,0.663562363
Class0,0,-0.962395976,-0.399168497,0.526048137
Class0,0,0.790030941,-0.72491175,0.948769271
Class0,0,0.908801131,-0.152269998,-0.461388401
Class0,0,0.001142495,-1.029367351,-0.454358369
Class0,0,-1.253473797,-0.177771589,-0.93167547
Class0,0,0.579108955,-0.811849849,1.036632656
Class0,0,-0.811333045,0.324593603,-0.874012937
Class0,0,0.262240585,0.950732913,-0.381177457
Class0,0,-0.78439975,-0.845344561,-1.09329487
Class0,0,0.792906772,-0.795964674,0.945519921
Class0,0,-0.957204635,-0.203331116,-0.00724087
Class0,0,-1.125502298,-0.097966523,0.552434428
Class0,0,0.818742549,-0.456823886,1.060127144
Class0,0,0.730368819,0.65909681,0.137933587
Class0,0,0.043134254,-1.094703487,0.223430566
Class0,0,-0.27347078,0.980328252,0.988374591
Class0,0,-1.101998022,-0.018434463,0.897174584
Class0,0,-0.526026956,-0.750986242,-0.644469629
Class0,0,0.296838213,-0.987892105,0.112860305
Class0,0,0.477210156,-0.937782555,1.048754704
Class0,0,0.731619466,0.688164382,-0.517981418
Class0,0,-1.067626723,0.256948619,1.005039842
Class0,0,-0.467457611,-0.903842637,-0.810291771
Class0,0,-0.865720237,-0.085936922,0.37143451
Class0,0,-0.830176688,0.506222651,0.81999949
Class0,0,-0.595397502,0.86595318,0.591102545
Class0,0,-0.933755693,-0.317234111,0.365626568
Class0,0,-0.482927621,0.88354822,-0.958675256
Class0,0,0.437965032,0.763088341,-0.484318327
Class0,0,1.106082306,0.215651251,-0.713290544
Class0,0,-0.036354232,1.002619461,0.354034387
Class0,0,0.94999401,-0.277906496,1.059956381
Class0,0,0.250127446,1.05558987,0.52015158
Class0,0,-0.802978484,-0.625955465,-0.607234738
Class0,0,0.361110039,-0.926898519,-0.021489076
Class0,0,0.750152101,0.39898505,-0.917945451
Class0,0,-0.091519447,1.098571135,-0.302546466
Class0,0,-0.963258907,0.085212697,0.875308648
Class0,0,-0.019158448,-0.98865903,0.837458634
Class0,0,-0.743039827,0.603016409,-0.025540129
Class0,0,0.324167498,0.89890596,0.377569287
Class0,0,-0.123383526,0.93725398,-1.09401516
Class0,0,0.323967178,-0.97067167,-0.198420102
Class0,0,-1.005636823,0.225431009,0.942622906
Class0,0,-0.421897468,1.059430622,-0.470152584
Class0,0,-0.490443674,-0.889596141,0.222679535
Class0,0,-0.757739475,0.680463661,-0.472975007
Class0,0,0.943246526,0.171367888,0.538003762
Class0,0,-0.52695168,-0.91496152,0.920614571
Class0,0,-0.896160576,-0.469520072,-1.115578208
Class0,0,-0.773488215,0.296955666,-0.018421822
Class0,0,-0.900946117,0.628158701,0.346722285
Class0,0,1.034217282,0.503348076,-1.17110453
Class0,0,0.758826414,-0.543277804,-0.936390896
Class0,0,0.519532953,0.981907531,0.822470437
Class0,0,0.972603292,0.454575941,0.634649141
Class0,0,-0.986718243,0.058998737,-0.830585057
Class0,0,-0.183922768,-1.080271714,0.24966522
Class0,0,-0.639849828,0.700869571,-0.76718532
Class0,0,-1.111903625,0.190469576,-0.378837094
Class0,0,1.002442423,-0.142736076,0.396547376
Class0,0,-0.652414201,-0.844141719,-0.809955828
Class0,0,-1.045225605,-0.293888972,0.690789486
Class0,0,0.173446166,0.979375103,0.828653242
Class0,0,1.065263631,-0.001401796,1.08390118
Class0,0,1.08081712,0.317442915,0.831359935
Class0,0,0.901693648,-0.365151264,-0.968011239
Class0,0,0.713997489,-0.195635611,-0.120397784
Class0,0,-0.681419618,-0.514680013,-0.470505305
Class0,0,0.384532638,-1.003426495,1.007224401
Class0,0,0.210795596,1.063214699,0.973918151
Class0,0,0.496039598,-0.778587057,-0.873247673
Class0,0,0.586550565,0.851538018,-0.478854529
Class0,0,0.607062393,0.916100783,-0.650445816
Class0,0,-0.956912485,0.211524036,-0.15299572
Class0,0,-0.038064727,-0.890999327,0.740591247
Class0,0,1.069918317,-0.466298462,-0.040573048
Class0,0,0.964734958,-0.432184131,0.252009776
Class0,0,-0.953547606,0.633013575,0.61756657
Class0,0,-0.79824907,0.930224589,-0.844049423
Class0,0,0.994644477,0.334419374,0.89370981
Class0,0,-0.588484917,-0.94103724,0.69994047
Class0,0,0.985602151,0.131102262,1.096132087
Class0,0,0.756466175,-0.65810569,0.919178229
Class0,0,-0.866453032,0.030548506,-0.466016972
Class0,0,-0.21354037,-1.02491279,0.686018434
Class0,0,0.952703189,-0.36408222,0.856846141
Class0,0,0.888241027,0.308048803,0.871288959
Class0,0,-0.958384214,0.325788029,0.082926754
Class0,0,-0.860804259,-0.416229975,0.891349104
Class0,0,-0.527290728,-0.666198101,0.845341335
Class0,0,0.117403271,-1.22560721,-0.777809509
Class0,0,1.108452705,0.5777683,0.882874716
Class0,0,-0.794275605,0.67537571,-0.095278283
Class0,0,-0.25371719,-1.204464822,0.768145381
Class0,0,-1.012158895,-0.119977981,-0.260358274
Class0,0,0.077273634,0.815904901,-0.708016312
Class0,0,-0.570797941,0.86677293,0.933909801
Class0,0,-0.562257277,-0.835126333,0.346824593
Class0,0,1.164895858,0.317480555,0.182975007
Class0,0,0.906016321,0.389062865,0.137369527
Class0,0,0.745443369,0.652635836,0.906157409
Class0,0,-0.885827621,0.691853663,0.99864807
Class0,0,-0.180241607,-0.8927986,-1.082033389
Class0,0,0.51910708,0.892450439,0.191878323
Class0,0,-0.786125265,-0.620219759,0.850918702
Class0,0,-0.504056592,1.181667808,-0.379046757
Class0,0,-0.275362281,1.055606286,0.782605229
Class0,0,-0.805274943,-0.626844308,-0.880827321
Class0,0,0.019389647,0.870559248,0.658733222
Class0,0,-0.287625356,0.810906103,0.833903435
Class0,0,0.127138796,1.098434979,-0.288535387
Class0,0,-0.910996666,-0.310751764,1.139070352
Class0,0,-0.356543035,0.871725501,0.470003273
Class0,0,-0.789518069,-0.270409037,-0.236063855
Class0,0,0.349328459,1.076669631,-0.668556198
Class0,0,-0.590133293,-0.484141039,0.649847394
Class1,1,-0.451952342,-0.187059677,-0.3466554
Class1,1,-0.007839834,-0.212520087,-0.014988528
Class1,1,0.011026237,0.328976948,-0.333190237
Class1,1,-0.408060054,-0.191024687,-0.223711535
Class1,1,0.311211929,-0.03806675,0.186619208
Class1,1,0.193673387,-0.44496714,-0.138591394
Class1,1,0.089860241,0.144626218,-0.02045509
Class1,1,0.174826689,-0.31117967,0.040102292
Class1,1,0.05792568,-0.229980447,-0.117277907
Class1,1,0.077728666,0.075978932,0.180150868
Class1,1,-0.147592602,-0.22590745,-0.156093491
Class1,1,0.070312356,-0.151496824,-0.341680858
Class1,1,-0.290456142,0.313517817,-0.099613793
Class1,1,0.306356139,0.138458815,-0.0092017
Class1,1,-0.382695352,0.117792054,-0.02749802
Class1,1,0.045060841,-0.252639767,-0.126941067
Class1,1,-0.262745967,-0.006430233,0.098444477
Class1,1,0.022895415,-0.243024903,-0.113577566
Class1,1,0.187230863,0.178123178,-0.012980282
Class1,1,0.394557593,-0.082919604,-0.0798417
Class1,1,0.045473615,-0.267858964,-0.092993051
Class1,1,-0.278281591,0.162715739,0.110373606
Class1,1,0.027515981,-0.144785818,-0.167372039
Class1,1,0.28308865,-0.355126512,0.264827222
Class1,1,-0.1065849,-0.224428347,0.070779757
Class1,1,-0.054836482,0.214046768,0.156704998
Class1,1,0.293398389,0.011291314,-0.095529848
Class1,1,-0.157117837,-0.369607574,-0.095073586
Class1,1,0.371910975,0.214787671,0.190620053
Class1,1,0.249137211,-0.245512758,0.163916858
Class1,1,-0.106114191,0.393132293,0.044948939
Class1,1,0.017238162,-0.32298012,-0.134591741
Class1,1,0.242175875,0.206223605,-0.236282925
Class1,1,-0.421146925,0.079728934,-0.145731836
Class1,1,0.346725637,-0.12490535,0.14900278
Class1,1,-0.171009636,-0.021983974,-0.039378143
Class1,1,-0.290215799,-0.007796683,0.140504593
Class1,1,0.108401414,-0.261753645,0.114082968
Class1,1,0.027855361,0.282183085,0.204453727
Class1,1,-0.405862649,-0.072379922,0.28118025
Class1,1,0.355367918,-0.057754219,0.100061255
Class1,1,-0.174204006,0.531293969,-0.211704669
Class1,1,0.404966059,0.037560172,0.118628355
Class1,1,0.076506248,0.197886724,-0.154176613
Class1,1,0.109330642,-0.274786412,0.176078
Class1,1,-0.322490266,0.145474991,0.151663291
Class1,1,0.198939,0.214940006,-0.118102474
Class1,1,-0.027268744,0.2957969,0.188398965
Class1,1,0.17273892,-0.21369143,0.226681758
Class1,1,-0.295580617,0.241007007,-0.177102414
Class1,1,-0.400727681,0.005114016,-0.165723166
Class1,1,0.072819806,-0.297049223,-0.266842381
Class1,1,0.249037787,0.275569564,0.02415433
Class1,1,-0.315506932,-0.0220694,0.076252143
Class1,1,-0.099170153,-0.353989847,0.215361743
Class1,1,-0.227997097,0.232037048,-0.071688289
Class1,1,-0.304967896,-0.130342801,0.051385958
Class1,1,-0.292940334,-0.170340886,-0.069414668
Class1,1,0.159426791,0.033440209,-0.162698827
Class1,1,-0.334365099,0.010480075,-0.041632293
Class1,1,-0.377058912,-0.024871813,0.066153518
Class1,1,-0.159189011,0.32827371,0.108804999
Class1,1,-0.167037538,-0.129615651,-0.226794708
Class1,1,0.268100427,-0.169264415,-0.206762348
Class1,1,-0.245191284,-0.164823594,-0.150932761
Class1,1,0.320357457,-0.139360849,-0.081645493
Class1,1,0.12759365,-0.269764889,-0.034541439
Class1,1,0.097716169,0.337256565,0.000608504
Class1,1,0.10776916,0.280947994,-0.136832446
Class1,1,0.262374269,0.356496469,0.092989297
Class1,1,-0.158788737,-0.063454179,-0.055063131
Class1,1,0.300819125,0.215005722,0.275387879
Class1,1,-0.135956747,-0.359689639,0.004954669
Class1,1,0.193304725,0.082215919,0.002827963
Class1,1,0.014421494,-0.319645472,0.018437485
Class1,1,0.319165354,0.20797874,0.135724596
Class1,1,-0.126302445,0.165948899,-0.121309717
Class1,1,-0.354486806,0.189618795,0.092368957
Class1,1,-0.158518595,0.071289144,-0.10794701
Class1,1,-0.263810755,0.286971984,-0.193591037
Class1,1,0.202869476,0.0251816,0.124359056
Class1,1,-0.101824203,-0.240693231,-0.031640416
Class1,1,-0.21874852,0.391404394,0.01722546
Class1,1,0.152032116,-0.36285592,-0.294971292
Class1,1,-0.058794467,-0.189493338,0.216389665
Class1,1,-0.019870734,0.176673579,0.112092584
Class1,1,0.174044867,0.091747862,-0.289983676
Class1,1,0.013918393,0.389453441,-0.098402912
Class1,1,0.305216774,0.408724338,-0.034798453
Class1,1,0.128282712,0.243671156,0.067971946
Class1,1,-0.297338759,-0.106790128,-0.231024395
Class1,1,0.272411197,-0.096487925,0.002044315
Class1,1,0.12556521,0.013052693,-0.157404045
Class1,1,0.022320876,-0.310085872,-0.128383177
Class1,1,0.236597112,0.110643054,0.203564173
Class1,1,-0.397344508,0.410451803,0.086882136
Class1,1,0.287931551,0.097842708,0.312219448
Class1,1,0.396489028,-0.2619897,0.233070977
Class1,1,0.185773374,-0.07100099,-0.099697793
Class1,1,-0.248891295,-0.091677671,-0.221879032
Class1,1,0.19770653,0.019450379,0.051125586
Class1,1,0.16936316,0.38186158,-0.099266193
Class1,1,-0.165895581,0.329223306,-0.044915446
Class1,1,-0.312556356,-0.046431587,-0.082591224
Class1,1,-0.126907537,-0.198900145,0.181002915
Class1,1,0.274405532,0.193992548,0.134678913
Class1,1,-0.080149766,-0.256304319,-0.026034881
Class1,1,-0.055212,0.359135483,-0.184035908
Class1,1,-0.106808152,0.332999429,0.051980751
Class1,1,0.13791239,0.383263767,0.245378335
Class1,1,-0.378945065,-0.230441118,0.149140734
Class1,1,-0.374077492,-0.010196479,-0.156485014
Class1,1,-0.149895709,-0.128768023,-0.015062889
Class1,1,0.494788202,0.077064781,0.037873466
Class1,1,0.151957924,0.104542861,-0.363150626
Class1,1,0.292640511,0.193612559,-0.298310715
Class1,1,0.289221388,-0.43691619,0.031792691
Class1,1,0.21168543,0.315165788,0.05505752
Class1,1,-0.352110458,0.286265584,0.247384441
Class1,1,0.25148205,0.098995232,-0.178634182
Class1,1,0.310220259,0.169967154,0.043202514
Class1,1,-0.315500884,0.31911747,-0.258157906
Class1,1,0.40143,0.182303837,0.172363265
Class1,1,-0.247221277,0.117331023,-0.012626842
Class1,1,-0.39224788,-0.115913424,0.244338696
Class1,1,0.351990579,-0.343156338,-0.224193527
Class1,1,0.219804643,0.148367844,-0.148252672
Class1,1,-0.233435785,0.247858818,0.083980679
Class1,1,-0.024659653,0.356222116,-0.194461189
Class1,1,-0.299277271,0.261411619,0.10582728
Class1,1,0.165848557,-0.181145163,0.121255922
Class1,1,0.099218384,0.217744754,0.069249486
Class1,1,-0.130167152,-0.263273659,-0.0926399
Class1,1,0.19642582,0.256386705,-0.278306551
Class1,1,-0.34318052,0.11618567,0.136762927
Class1,1,0.370043288,-0.124667559,0.23794646
Class1,1,-0.169793344,0.168542642,-0.040944929
Class1,1,0.07621074,0.484966219,0.157034296
Class1,1,0.073159071,-0.144445757,-0.112227284
Class1,1,-0.036596131,-0.316198819,0.016933189
Class1,1,0.118846996,-0.188511154,-0.255099341
Class1,1,-0.360955375,0.081656146,-0.065020809
Class1,1,-0.300497998,0.002520649,0.114225494
Class1,1,0.079287005,0.169934499,-0.028370655
Class1,1,0.254987478,0.261757851,-0.034830471
Class1,1,-0.348029829,0.175599732,0.198144265
Class1,1,0.372142909,0.129944467,-0.1301377
Class1,1,-0.199675379,-0.011450028,0.023706667
Class1,1,0.341844798,-0.144641378,0.020567839
Class1,1,0.297288355,0.197989173,0.218455252
Class1,1,0.09586244,-0.242897769,0.071417533
Class1,1,-0.215060101,-0.261041654,-0.216860249
Class1,1,-0.132744805,0.188932255,-0.311355641
Class1,1,0.142743978,0.362228997,-0.076686713
Class1,1,-0.219292666,0.24258731,0.160243063
Class1,1,-0.087170265,0.292313902,-0.064160343
Class1,1,-0.131443668,-0.26072546,-0.098871181
Class1,1,-0.218438554,0.237485312,-0.101881187
Class1,1,0.229928972,-0.10653861,-0.084633412
Class1,1,-0.191171242,0.331890521,0.306128638
Class1,1,-0.027790822,0.45347616,-0.263305923
Class1,1,-0.318025704,-0.085664088,-0.041231331
Class1,1,0.388277646,-0.150199071,-0.039034915
Class1,1,0.291379595,0.037405085,0.125877323
Class1,1,-0.002980951,-0.403807648,0.135442773
Class1,1,0.200553194,-0.094656257,-0.202911962
Class1,1,0.171375255,-0.195499799,-0.080549703
Class1,1,-0.211014038,0.176535274,0.124063741
Class1,1,-0.265738412,-0.103897942,0.017169448
Class1,1,0.102338847,-0.310264316,0.226843543
Class1,1,-0.293005068,-0.205501981,0.005997365
Class1,1,0.213925699,-0.385941376,-0.318240933
Class1,1,-0.456222673,-0.260712551,0.267746788
Class1,1,0.249318104,-0.014672753,0.050545881
Class1,1,0.247896595,0.2285923,-0.223392757
Class1,1,-0.410324118,0.040578726,0.198830189
Class1,1,-0.158853671,0.316810256,0.092709172
Class1,1,0.267889466,0.343419095,0.158535038
Class1,1,0.138266875,-0.278239933,0.199021763
Class1,1,0.49249785,-0.164279759,0.239660303
Class1,1,0.245555875,-0.40407969,-0.092369702
Class1,1,0.198628681,0.209214969,0.283033518
Class1,1,-0.206892005,0.211473796,0.049213826
Class1,1,0.029850892,-0.346432826,0.23059079
Class1,1,-0.16560575,0.268546492,0.091159576
Class1,1,-0.145645498,-0.323274143,-0.08506438
Class1,1,-0.196608195,0.023560309,-0.100799374
Class1,1,-0.238842447,-0.009652773,-0.111321796
Class1,1,-0.056325063,-0.467644279,0.072937729
Class1,1,-0.272763213,0.145848054,-0.158232976
Class1,1,0.249534868,-0.117021072,0.202231707
Class1,1,0.250111022,-0.131971632,-0.055926895
Class1,1,0.036482082,0.256677398,0.182129728
Class1,1,0.329196465,0.118332482,-0.010970437
Class1,1,-0.193424296,-0.180380679,-0.028201815
Class1,1,0.208833154,-0.001512188,0.138819694
Class1,1,0.427183217,0.121376796,0.186520191
Class1,1,0.085052625,0.055216052,-0.306252617
Class1,1,0.352560642,0.245477558,0.314440094
Class1,1,0.251665396,-0.116247958,-0.15118296
Class1,1,0.246128786,-0.193699181,0.072622313
Class1,1,-0.335597669,-0.193646382,0.04934828
Class1,1,0.059114167,-0.372163011,0.093186669
Class1,1,0.080196853,0.107819354,-0.12949512
Class1,1,-0.327133494,0.068212571,0.267995527
Class1,1,-0.216815982,-0.219509725,0.088353897
Class1,1,0.434055906,-0.105589112,0.014447644
Class1,1,-0.048184322,0.224594742,-0.288882565
Class1,1,0.27881165,0.304301941,-0.02367699
Class1,1,-0.231503236,-0.134330551,-0.223204187
Class1,1,0.040395257,0.249332566,-0.171399621
Class1,1,-0.396450775,0.000612826,0.347325191
Class1,1,0.368880337,0.226593543,-0.127738188
Class1,1,0.278027472,-0.061578929,0.312622206
Class1,1,-0.063723586,-0.198717409,-0.25288677
Class1,1,0.194913158,-0.175673194,0.226031039
Class1,1,0.031046856,-0.243633803,-0.284009016
Class1,1,-0.133681065,-0.128974098,-0.15375386
Class1,1,0.229019327,-0.089559792,0.005001601
Class1,1,0.293630826,-0.26638569,-0.190745068
Class1,1,0.157425497,0.254956145,-0.085166604
Class1,1,-0.341398904,-0.004597831,-0.174256222
Class1,1,0.192396777,-0.336634211,-0.107818144
Class1,1,0.019311257,0.368558093,-0.069962036
Class1,1,-0.004287407,0.249740606,0.011807237
Class1,1,0.271618864,-0.284340187,0.049511498
Class1,1,0.007262115,-0.277076008,0.14444739
Class1,1,0.089560606,0.05346076,0.270834995
Class1,1,-0.196030168,0.318376894,-0.217490836
Class1,1,0.004839105,-0.22453458,-0.062494747
Class1,1,0.067030234,0.234879854,0.028530686
Class1,1,-0.227046962,-0.050322622,3.66E-05
Class1,1,-0.167074379,0.139835523,0.374292519
Class1,1,0.072260134,0.281421432,-0.307733456
Class1,1,-0.267484081,0.204372164,0.237302975
Class1,1,-0.209654275,-0.275504907,-0.106900419
Class1,1,-0.332545577,0.109538127,-0.120516278
Class1,1,-0.295070663,-0.011371063,0.124669402
Class1,1,-0.221842094,-0.04084469,-0.050911067
Class1,1,-0.209643391,-0.396057311,-0.165016712
Class1,1,0.10484262,0.178749218,-0.055558913
Class1,1,0.223891056,0.076166378,-0.211811709
Class1,1,0.255980105,-0.185162713,0.315984996
Class1,1,0.28029862,0.17408307,-0.120967748
Class1,1,0.272391125,0.169969302,0.102764886
Class1,1,0.2290977,-0.175541892,-0.127276599
Class1,1,-0.138688882,-0.253890417,0.036036177
Class1,1,-0.276150845,-0.128022525,-0.37220288
Class1,1,-0.094284687,-0.092784788,0.071974966
Class1,1,-0.091225371,-0.272873422,0.411003652
Class1,1,0.020446903,0.229561603,0.329420965
Class1,1,0.320844899,0.022191472,-0.184267282
Class1,1,0.223467623,-0.065791892,0.161973885
Class1,1,-0.290342391,0.140721086,0.096899454
Class1,1,0.078903527,-0.284070179,-0.179788915
Class1,1,-0.361568772,0.201667074,-0.205578975
Class1,1,0.0032271,-0.231061878,-0.058569176
Class1,1,-0.243814806,-0.05470448,0.197866816
Class1,1,0.010039026,-0.218617089,0.215787637
Class1,1,-0.309432794,-0.103191126,-0.03486558
Class1,1,-0.067133615,0.169639954,-0.449691544
Class1,1,0.239838055,-0.019371294,0.146180588
Class1,1,-0.187254933,-0.272160848,-0.181114447
Class1,1,0.39714988,0.010528657,0.079753437
Class1,1,0.36749807,-0.043472349,-0.185363524
Class1,1,0.098610706,0.102187383,0.000867145
Class1,1,0.032742316,-0.164747585,-0.112537978
Class1,1,-0.086542159,-0.353930551,-0.284124843
Class1,1,-0.215408045,0.135028998,-0.351235878
Class1,1,-0.213267678,0.22329288,-0.085627866
Class1,1,0.048425795,-0.320009925,0.197444934
Class1,1,0.159643515,-0.093792819,0.256395822
Class1,1,0.04153129,0.348521377,-0.253949815
Class1,1,-0.125060496,0.249206466,-0.162646834
Class1,1,-0.305139878,0.319035034,-0.048971804
Class1,1,-0.208723296,0.032706003,0.022564101
Class1,1,0.182854241,-1.99E-05,0.05856771
Class1,1,-0.089392614,0.087009046,-0.2022975
Class1,1,0.114162093,-0.386203634,-0.197856389
Class1,1,-0.44813197,-0.16051864,0.111970139
Class1,1,0.325419122,-0.319946611,0.039669375
Class1,1,0.255259824,-0.164069498,0.151306089
Class1,1,0.054809939,0.318097456,-0.152996433
Class1,1,-0.250803905,0.172358924,0.391626512
Class1,1,0.172406404,-0.283801637,-0.09276016
Class1,1,-0.159421648,0.334044967,0.138149905
Class1,1,-0.307106348,-0.046815211,-0.018864191
Class1,1,0.306559448,-0.052801717,0.280612934
Class1,1,-0.27876334,-0.185069875,-0.13493976
Class1,1,0.178437314,0.184292097,-0.14334833
Class1,1,-0.15206286,0.197677098,-0.267509695
Class1,1,-0.039801546,-0.42685514,-0.177466252
Class1,1,0.116142967,0.272815958,0.132256572
Class1,1,0.235489177,0.254504164,-0.28388365
Class1,1,-0.268197951,0.023126411,0.106421561
Class1,1,0.154070565,-0.100432699,0.08647458
Class1,1,-0.204290817,0.185443467,-0.093611728
Class1,1,-0.170189018,0.183203322,0.275730193
Class1,1,-0.190159412,0.248657279,-0.344567295
Class1,1,0.226582981,-0.152921907,-0.010341698
Class1,1,0.163444342,-0.268194523,0.133795955
Class1,1,-0.229315728,-0.067699684,0.061862169
Class1,1,-0.076880158,0.339797773,0.251033502
Class1,1,-0.046988712,-0.217965482,-0.112948769
Class1,1,0.04767594,0.306325449,0.259881553
Class1,1,-0.127384987,-0.119423093,-0.018770729
Class1,1,0.283987235,0.229851032,0.034485441
Class1,1,0.148341785,0.351399895,-0.111874468
Class1,1,-0.234429186,-0.032026899,-0.222487237
Class1,1,-0.178184637,-0.261455542,-0.221319003
Class1,1,0.125874248,-0.287366449,-0.251237946
Class1,1,0.22317322,-0.221638404,0.179203807
Class1,1,0.311693357,-0.015777561,-0.30452597
Class1,1,-0.210993892,-0.003388405,-0.1364521
Class1,1,-0.26319164,0.185821721,0.128480076
Class1,1,0.279800704,-0.036981387,-0.084666577
Class1,1,0.301700945,-0.250457703,-0.022393709
Class1,1,-0.14362932,-0.243983723,-0.315964296
Class1,1,-0.071286694,-0.228618456,-0.102823005
Class1,1,0.336437922,0.198774768,0.155496254
Class1,1,0.003979668,0.361431825,-0.16136055
Class1,1,-0.299265469,0.307769347,-0.210317404
Class1,1,0.207132008,-0.170834341,0.211460146
Class1,1,-0.093386606,0.401840064,0.12154618
Class1,1,0.000683794,0.256240928,0.055304474
Class1,1,-0.244256221,-0.111780718,0.239374189
Class1,1,-0.056600252,0.461478931,0.058181967
Class1,1,-0.028546394,-0.422350804,-0.005661594
Class1,1,0.049529875,-0.394308931,-0.205108039
Class1,1,0.074846783,0.336846031,-0.255040415
Class1,1,0.050863364,0.090124353,0.025049257
Class1,1,0.18469361,0.18294789,0.011560453
Class1,1,-0.166455567,-0.276740314,-0.061060662
Class1,1,-0.001430302,0.216380549,-0.301389949
Class1,1,0.091794817,0.396815192,0.097062336
Class1,1,0.189115407,-0.006851406,-0.178886437
Class1,1,0.230409435,0.287845702,-0.274694494
Class1,1,0.127279751,0.308664927,-0.095111549
Class1,1,-0.293496047,-0.164944884,-0.25389241
Class1,1,-0.274780026,-0.180375055,0.268740355
Class1,1,-0.175550482,-0.283504976,-0.243465409
Class1,1,0.457385797,-0.089081753,0.059430201
Class1,1,0.001044476,0.19034896,-0.204585137
Class1,1,-0.140875139,0.438610546,0.145453695
Class1,1,-0.027729454,-0.398968232,0.001883934
Class1,1,0.291355117,0.054558193,0.195777243
Class1,1,0.174278416,-0.230514125,-0.012190644
Class1,1,0.278378763,-0.127752757,0.352702944
Class1,1,-0.332451357,0.323262457,-0.266124589
Class1,1,0.371990723,-0.208329471,0.19505288
Class1,1,-0.161815666,-0.013761466,0.16877725
Class1,1,0.030481281,-0.229858269,0.1109062
Class1,1,-0.23991093,0.110533893,0.044552044
Class1,1,-0.078267403,0.18599424,0.201173327
Class1,1,-0.233170809,0.044025722,0.166762751
Class1,1,0.268690224,-0.049535325,-0.336170659
Class1,1,0.213750412,-0.103635796,-0.083344519
Class1,1,-0.257466052,0.174150958,-0.066709928
Class1,1,-0.265579397,0.040099158,-0.393043771
Class1,1,0.405393916,-0.272046198,-0.214351978
Class1,1,0.202186761,-0.050681637,-0.060424115
Class1,1,-0.203252695,0.232867669,-0.174590678
Class1,1,-0.421923898,-0.100580485,0.14483921
Class1,1,-0.106661442,-0.310079934,-0.235273424
Class1,1,-0.176544389,-0.181351641,-0.079463505
Class1,1,0.023445297,-0.291739907,-0.257471296
Class1,1,0.422886407,-0.163848372,-0.284082858
Class1,1,-0.009696305,-0.323744712,0.253059477
Class1,1,-0.425465498,-0.025104598,0.333724426
Class1,1,-0.257366119,-0.154140483,0.168355129
Class1,1,-0.344307745,-0.050787132,-0.190791067
Class1,1,-0.312905853,0.302880155,-0.015067379
Class1,1,-0.25001933,-0.110259581,-0.183670598
Class1,1,0.249031966,-0.123918382,-0.018825135
Class1,1,-0.134940301,-0.014038266,0.174589506
Class1,1,-0.089924891,-0.334716882,-0.033362611
Class1,1,-0.104725905,-0.304573275,0.342916432
Class1,1,0.162364876,0.103348434,-0.206424702
Class1,1,0.254827844,0.160784147,0.065695901
Class1,1,-0.038782036,-0.159484372,0.054117676
Class1,1,0.081247215,0.167105409,0.129642425
Class1,1,-0.436351511,0.078892599,0.267880006
Class1,1,0.22170227,0.231419454,0.110784909
Class1,1,-0.199853886,0.087177434,0.096414362
Class1,1,0.101829265,0.30952293,0.132533498
Class1,1,0.190408488,-0.235956583,0.061556362
Class1,1,-0.301480305,0.247921499,0.070923338
Class1,1,0.199697757,-0.18802538,-0.1763346
Class1,1,0.464403091,0.034355098,0.084899979
Class1,1,0.086389553,0.214685711,0.167526397
Class1,1,-0.284060534,-0.004245141,0.166405672
Class1,1,-0.196582085,-0.292739149,-0.238333147
Class1,1,-0.270864071,0.188203267,-0.190896625
Class1,1,0.117083764,-0.264057174,0.283742418
Class1,1,-0.387156706,-0.157657747,0.048899502
Class1,1,0.191420295,-0.274569399,0.279332069
Class1,1,-0.162603987,0.374967363,-0.180484572
Class1,1,-0.02550749,0.303762329,0.03120212
Class1,1,0.343226215,-0.08797578,-0.035394185
Class1,1,0.31339416,0.458026568,0.021596774
